,Gerência Regional,Porte,UTB,INEP,Município,Escola,Matrículas*,Unnamed: 7
0,03ª GRE (Campina Grande),4-A,211318000,25070703,Campina Grande,CAIC Jose Jofilly,514,
1,01ª GRE (João Pessoa),8-A,211125300,25138200,João Pessoa,CEARTE - Centro Estadual de Arte,1,
2,01ª GRE (João Pessoa),3-A,211124600,25092839,João Pessoa,Ceeea Sesquicentenario,2545,
3,01ª GRE (João Pessoa),-,211123700,25136003,João Pessoa,Centro Estadual de Línguas,3362,
4,01ª GRE (João Pessoa),-,217654321,25118340,João Pessoa,Centro Formador de Recursos Humanos,0,
5,01ª GRE (João Pessoa),1-A,211123600,25092871,João Pessoa,Centro Profis Dep Antonio Cabral,1557,
6,01ª GRE (João Pessoa),4-B,211111400,25094122,João Pessoa,Cpm-Estudante Rebeca Cristina Alves Simões,698,
7,01ª GRE (João Pessoa),7-B,211108000,25093754,João Pessoa,Cria Capistrano de Abreu,126,
8,01ª GRE (João Pessoa),5-A,211100900,25094084,João Pessoa,Cria Capitulina Satyro,121,
9,11ª GRE (Princesa Isabel),7-A,212102500,25037226,Tavares,Eci Adriano Feitosa,562,
10,04ª GRE (Cuité),7-A,211400700,25041185,Frei Martinho,Eci Aguitonio Dantas,143,
11,01ª GRE (João Pessoa),7-A,211110000,25104330,João Pessoa,Eci Almirante Saldanha,161,
12,12ª GRE (Itabaiana),7-A,212204200,25082922,Salgado de São Félix,Eci Ana Ribeiro,373,
13,03ª GRE (Campina Grande),7-A,211311600,25072137,Campina Grande,Eci Anesio Leao,890,
14,04ª GRE (Cuité),7-A,211400100,25042351,Nova Palmeira,Eci Antonio Coelho Dantas,220,
15,11ª GRE (Princesa Isabel),7-A,212101400,25034839,Juru,Eci Arlinda Pessoa da Silva,306,
16,03ª GRE (Campina Grande),7-A,211310600,25072099,Campina Grande,Eci Assis Chateaubriand,857,
17,03ª GRE (Campina Grande),7-A,211319700,25071939,Campina Grande,Eci Audiocomunicacao de Campina Grande,146,
18,02ª GRE (Guarabira),7-A,211206600,25070312,Pirpirituba,Eci Augusto de Almeida,158,
19,01ª GRE (João Pessoa),7-A,211113700,25120751,Caaporã,Eci Auricelia Maria da Costa,575,
20,06ª GRE (Patos),7-A,211604400,25020927,Patos,Eci Auzenir Lacerda,391,
21,01ª GRE (João Pessoa),7-A,211111200,25093843,João Pessoa,Eci Conego Francisco Gomes de Lima,398,
22,03ª GRE (Campina Grande),7-A,211304700,25072102,Campina Grande,Eci Deputado Alvaro Galdencio de Queiroz,435,
23,03ª GRE (Campina Grande),7-A,211310900,25083490,Aroeiras,Eci Deputado Carlos Pessoa Filho,730,
24,06ª GRE (Patos),7-A,211604900,25020854,Patos,Eci Doutor Dionísio da Costa,205,
25,10ª GRE (Sousa),7-A,212003300,25019538,Marizópolis,Eci Doutor Silva Mariz,260,
26,13ª GRE (Pombal),7-A,211605300,25013840,Condado,Eci Doutor Trajano Pires da Nobrega,422,
27,02ª GRE (Guarabira),7-A,211205700,25060996,Tacima,Eci Dr Tercilio Teixeira da Cruz,336,
28,06ª GRE (Patos),7-A,211601900,25039083,Santa Luzia,Eci EEF Coelho Lisboa,258,
29,01ª GRE (João Pessoa),7-A,211114200,25091620,Cabedelo,Eci EEFM Abreu e Lima,397,
30,02ª GRE (Guarabira),7-A,211204400,25065726,Pilões,Eci EEFM Antonieta Correia de Menezes,359,
31,02ª GRE (Guarabira),7-A,211206800,25066013,Serraria,Eci EEFM Antonio Bento,386,
32,01ª GRE (João Pessoa),7-A,211122900,25090135,Sapé,Eci EEFM Cassiano Ribeiro Coutinho,389,
33,08ª GRE (Catolé do Rocha),7-A,211801300,25003410,Riacho dos Cavalos,Eci EEFM Daniel Carneiro,292,
34,01ª GRE (João Pessoa),7-A,211112700,25088530,Cruz do Espírito Santo,Eci EEFM Deputado Fernando Milanez,504,
35,14ª GRE (Mamanguape),7-A,211127100,25122533,Mamanguape,Eci EEFM Doutor Gustavo Fernandes de Lima Sobrinho,724,
36,08ª GRE (Catolé do Rocha),7-A,211803200,25002422,Jericó,Eci EEFM Francisco Maia,333,
37,02ª GRE (Guarabira),7-A,211207400,25060058,Dona Inês,Eci EEFM Governador Clovis Bezerra Cavalcanti,461,
38,03ª GRE (Campina Grande),7-A,211301600,25076582,Campina Grande,Eci EEFM Irmã Joaquina Sampaio,272,
39,03ª GRE (Campina Grande),7-A,211312500,25077147,Fagundes,Eci EEFM Joana Emília da Silva,478,
40,01ª GRE (João Pessoa),7-A,211116400,25090984,Bayeux,Eci EEFM Joao Caetano,671,
41,03ª GRE (Campina Grande),7-A,211310300,25076590,Campina Grande,Eci EEFM José Miguel Leão,894,
42,04ª GRE (Cuité),7-A,211402500,25056620,Nova Floresta,Eci EEFM Jose Rolderick de Oliveira,623,
43,04ª GRE (Cuité),7-A,211403000,25056581,Sossêgo,Eci EEFM Jose Vitorino de Medeiros,238,
44,02ª GRE (Guarabira),7-A,211205800,25069675,Mulungu,Eci EEFM Major Antonio de Aquino,431,
45,05ª GRE (Monteiro),7-A,211506100,25049372,Coxixola,Eci EEFM Manoel Honorato Sobrinho,166,
46,01ª GRE (João Pessoa),7-A,211115400,25099256,Santa Rita,Eci EEFM Maria de Lourdes Araujo,472,
47,03ª GRE (Campina Grande),7-A,211309200,25078135,Massaranduba,Eci EEFM Maria Zeca Souza,579,
48,01ª GRE (João Pessoa),7-A,211103700,25114905,João Pessoa,Eci EEFM Milton Campos,203,
49,11ª GRE (Princesa Isabel),7-A,212102700,25036017,Manaíra,Eci EEFM Monsenhor Sebastiao Rabelo,372,
50,02ª GRE (Guarabira),7-A,211205200,25067869,Cuitegi,Eci EEFM Odilon Nelson Dantas,363,
51,01ª GRE (João Pessoa),7-A,211104900,25094661,João Pessoa,Eci EEFM Pedro Lins Vieira de Melo,292,
52,07ª GRE (Itaporanga),7-A,211700500,25031783,Santana de Mangueira,Eci EEFM Presidente Kenedy,275,
53,09ª GRE (Cajazeiras),7-A,211900800,25007092,Cachoeira dos Índios,Eci EEFM Professor Adalberto de Sousa Oliveira,523,
54,08ª GRE (Catolé do Rocha),7-A,211803500,25001477,Brejo dos Santos,Eci EEFM Professora Diva Guedes de Araujo,349,
55,01ª GRE (João Pessoa),7-A,211110100,25094726,João Pessoa,Eci EEFM Professor Celestin Malzac,864,
56,01ª GRE (João Pessoa),7-A,211118700,25089838,Riachão do Poço,Eci EEFM Riachao do Poco,438,
57,01ª GRE (João Pessoa),7-A,211100700,25094025,João Pessoa,Eci EEFM Tenente Lucena,662,
58,10ª GRE (Sousa),7-A,212006400,25017080,Santa Cruz,Eci EEFM Valdemiro Wanderley de Oliveira,230,
59,01ª GRE (João Pessoa),7-A,211104000,25115049,João Pessoa,Eci EEF Professor Paulo Freire,352,
60,07ª GRE (Itaporanga),7-A,211705500,25023489,Aguiar,Eci EEM Agenor Mendes Pedrosa,302,
61,07ª GRE (Itaporanga),7-A,211709500,25025830,Olho d'Água,Eci EEM Antônio Avelino de Almeida,474,
62,03ª GRE (Campina Grande),7-A,211317300,25084992,Santa Cecília,Eci EEM Antonio Francisco Gomes,369,
63,03ª GRE (Campina Grande),7-A,211303500,25057146,Pocinhos,Eci EEM Antonio Galdino Filho,1212,
64,09ª GRE (Cajazeiras),7-A,211909000,25012207,Triunfo,Eci EEM Bernardino Jose Batista,257,
65,04ª GRE (Cuité),7-A,211402000,25043897,São Vicente do Seridó,Eci EEM Cicero dos Anjos,716,
66,13ª GRE (Pombal),7-A,212004100,25016105,São Bentinho,Eci EEM Deputado Levi Olimpio Ferreira,209,
67,07ª GRE (Itaporanga),6-A,211700300,25027190,Santana dos Garrotes,Eci EEM Doutor Felizardo Leite,423,
68,07ª GRE (Itaporanga),7-A,211705300,25027573,Boa Ventura,Eci EEM João Cavalcante Sula,375,
69,07ª GRE (Itaporanga),7-A,211708700,25031481,Pedra Branca,Eci EEM João de Sousa Primo,168,
70,03ª GRE (Campina Grande),7-A,211312600,25050427,Assunção,Eci EEM Joao Rogerio Dias Toledo,91,
71,09ª GRE (Cajazeiras),7-A,211904600,25009192,Carrapateira,Eci EEM Joel Pereira da Silva,113,
72,12ª GRE (Itabaiana),7-A,212203500,25089250,Pilar,Eci EEM José Lins do Rego,752,
73,09ª GRE (Cajazeiras),6-A,211900600,25012940,Poço Dantas,Eci EEM Jose Nilson Santiago,154,
74,11ª GRE (Princesa Isabel),7-A,212102300,25033204,Água Branca,Eci EEM Jose Nominando,595,
75,14ª GRE (Mamanguape),7-A,211117600,25087304,Capim,Eci EEM José Wilson de Albuquerque Melo,464,
76,05ª GRE (Monteiro),7-A,211505600,25053728,Gurjão,Eci EEM Juarez Maracajá,272,
77,12ª GRE (Itabaiana),7-A,212203200,25080261,Caldas Brandão,Eci EEM Manoel Avelino Paiva,257,
78,06ª GRE (Patos),7-A,211601800,25023187,São José do Bonfim,Eci EEM Maria de Lourdes Meira,119,
79,03ª GRE (Campina Grande),7-A,211312300,25062220,São Sebastião de Lagoa de Roça,Eci EEM Monsenhor Jose Borges,420,
80,03ª GRE (Campina Grande),7-A,211313100,25054783,Arara,Eci EEM Monsenhor Jose Paulino,353,
81,09ª GRE (Cajazeiras),7-A,211909300,25006223,Bonito de Santa Fé,Eci EEM Monsenhor Morais,317,
82,10ª GRE (Sousa),7-A,212005000,25014412,Lastro,Eci EEM Nestorina Abrantes,222,
83,07ª GRE (Itaporanga),7-A,211708900,25030116,Ibiara,Eci EEM Padre Manoel Otaviano,298,
84,02ª GRE (Guarabira),7-A,211206500,25067460,Caiçara,Eci EEM Professora Maria Gertrudes de Carvalho Neves,180,
85,14ª GRE (Mamanguape),7-A,211117700,25087355,Cuité de Mamanguape,Eci EEM Professor Renato Fonseca Filho,278,
86,01ª GRE (João Pessoa),7-A,211111700,25093894,João Pessoa,Eci EEM Prof Pedro Augusto Porto Caminha,290,
87,03ª GRE (Campina Grande),7-A,211301800,25075918,Boa Vista,Eci EEM Teodosio de Oliveira Ledo,377,
88,02ª GRE (Guarabira),7-A,211205600,25065513,Borborema,Eci Efigenio Leite,339,
89,09ª GRE (Cajazeiras),7-A,211905800,25009931,Santa Helena,Eci Elaine Soares Brasileiro,90,
90,03ª GRE (Campina Grande),7-A,211310800,25061720,Esperança,Eci Esperança Monsenhor Jose da Silva Coutinho,302,
91,06ª GRE (Patos),7-A,211605000,25038478,Junco do Seridó,Eci Ezequiel Fernandes,397,
92,03ª GRE (Campina Grande),7-A,211313000,25072110,Campina Grande,Eci Felix Araujo,606,
93,07ª GRE (Itaporanga),7-A,211710000,25031155,Itaporanga,Eci Francelino de Alencar Neves,261,
94,05ª GRE (Monteiro),7-A,211505400,25046950,Prata,Eci Francisco de Assis Gonzaga,500,
95,04ª GRE (Cuité),7-A,211403100,25123203,Damião,Eci Francisco Marques de Melo,305,
96,02ª GRE (Guarabira),7-A,211204000,25066676,Araçagi,Eci Francisco Pessoa de Brito,209,
97,06ª GRE (Patos),7-A,211605500,25033786,Desterro,Eci Gertrudes Leite,609,
98,04ª GRE (Cuité),7-A,211402600,25042661,Pedra Lavrada,Eci Graciliano Fontini Lordao,323,
99,01ª GRE (João Pessoa),7-A,211127800,25128418,Santa Rita,Eci Helinton Santana,304,
100,14ª GRE (Mamanguape),7-A,211117400,25087673,Curral de Cima,Eci Henrique Fernandes de Farias,304,
101,01ª GRE (João Pessoa),7-A,211111600,25094130,João Pessoa,Eci Horácio de Almeida,750,
102,03ª GRE (Campina Grande),7-A,211315100,25072439,Campina Grande,Eci Hortencio Sousa Ribeiro (Premen),369,
103,02ª GRE (Guarabira),7-A,211205500,25059629,Cacimba de Dentro,Eci Humberto Lucena,183,
104,01ª GRE (João Pessoa),7-A,211114900,25091638,Cabedelo,Eci Imaculada Conceicao,383,
105,04ª GRE (Cuité),7-A,211402800,25040820,Cubati,Eci Iolanda Tereza Chaves Lima,349,
106,01ª GRE (João Pessoa),7-A,211112400,25090909,Bayeux,Eci Irineu Pinto,390,
107,03ª GRE (Campina Grande),7-A,211302900,25117688,Campina Grande,Eci Irma Stefanie,272,
108,03ª GRE (Campina Grande),7-A,211300900,25114808,Campina Grande,Eci Itan Pereira,557,
109,09ª GRE (Cajazeiras),7-A,211908900,25004883,São João do Rio do Peixe,Eci Jacob Guilherme Frantz,253,
110,03ª GRE (Campina Grande),7-A,211314800,25045059,Livramento,Eci Joao Lelys,255,
111,08ª GRE (Catolé do Rocha),7-A,211800200,25001906,Catolé do Rocha,Eci Joao Suassuna,660,
112,12ª GRE (Itabaiana),7-A,212203600,25100696,Pedras de Fogo,Eci João Ursulo,489,
113,05ª GRE (Monteiro),7-A,211505700,25054180,São João do Cariri,Eci Jornalista Jose Leal Ramos,294,
114,05ª GRE (Monteiro),7-A,211502600,25049496,Sumé,Eci Jose Gonçalves de Queiroz,1208,
115,01ª GRE (João Pessoa),7-A,211111900,25091549,Cabedelo,Eci Jose Guedes Cavalcante,491,
116,07ª GRE (Itaporanga),7-A,211705200,25023896,Igaracy,Eci Joselita Brasileiro,669,
117,08ª GRE (Catolé do Rocha),7-A,211803400,25000640,Brejo do Cruz,Eci Jose Olímpio Maia,229,
118,01ª GRE (João Pessoa),7-A,211113200,25089013,Mari,Eci José Paulo de Franca,338,
119,02ª GRE (Guarabira),7-A,211206900,25068636,Guarabira,Eci José Soares de Carvalho,634,
120,01ª GRE (João Pessoa),7-A,211111300,25093851,João Pessoa,Eci Liliosa Paiva Leite,204,
121,01ª GRE (João Pessoa),7-A,211127300,25126180,João Pessoa,Eci Linduarte Noronha,557,
122,01ª GRE (João Pessoa),7-A,211111100,25093835,João Pessoa,Eci Luis Ramalho,368,
123,14ª GRE (Mamanguape),7-A,211112900,25087860,Rio Tinto,Eci Luiz Gonzaga Burity,506,
124,01ª GRE (João Pessoa),7-A,211111800,25094106,João Pessoa,Eci Luzia Simoes Bartollini,375,
125,01ª GRE (João Pessoa),7-A,211107400,25098357,João Pessoa,Eci Lyceu Paraibano,603,
126,07ª GRE (Itaporanga),7-A,211709000,25027930,Conceição,Eci Maestro Jose Siqueira,705,
127,03ª GRE (Campina Grande),7-A,211311100,25062069,Montadas,Eci Maria Jose de Souza,284,
128,03ª GRE (Campina Grande),7-A,211311300,25050435,Taperoá,Eci Melquiades Vilar,396,
129,10ª GRE (Sousa),7-A,212003100,25018280,Sousa,Eci Mestre Julio Sarmento,606,
130,06ª GRE (Patos),7-A,211604600,25020935,Patos,Eci Monsenhor Manoel Vieira,1172,
131,01ª GRE (João Pessoa),7-A,211112600,25089781,Sapé,Eci Monsenhor Odilon Alves Pedrosa,718,
132,13ª GRE (Pombal),7-A,212000200,25015869,Pombal,Eci Monsenhor Vicente Freitas,421,
133,03ª GRE (Campina Grande),7-A,211307700,25072277,Campina Grande,Eci Monte Carmelo,659,
134,03ª GRE (Campina Grande),7-A,211312800,25072030,Campina Grande,Eci Nenzinha Cunha Lima,468,
135,01ª GRE (João Pessoa),7-A,211103200,25093975,João Pessoa,Eci Nicodemos Neves,613,
136,08ª GRE (Catolé do Rocha),7-A,211803600,25000047,Belém do Brejo do Cruz,Eci Nossa Senhora da Conceição,187,
137,11ª GRE (Princesa Isabel),7-A,212100600,25036335,Princesa Isabel,Eci Nossa Senhora do Bom Conselho,520,
138,08ª GRE (Catolé do Rocha),7-A,211803300,25001833,Catolé do Rocha,Eci Obdulia Dantas,907,
139,01ª GRE (João Pessoa),7-A,211108100,25094750,João Pessoa,Eci Olivio Pinto,505,
140,04ª GRE (Cuité),7-A,211402900,25055836,Cuité,Eci Orlando Venancio dos Santos,855,
141,08ª GRE (Catolé do Rocha),7-A,211803700,25000349,Bom Sucesso,Eci Padre Aristides,233,
142,01ª GRE (João Pessoa),7-A,211101600,25094696,João Pessoa,Eci Padre Ibiapina,402,
143,06ª GRE (Patos),7-A,211604700,25039032,Santa Luzia,Eci Padre Jeronimo Lauwen,706,
144,01ª GRE (João Pessoa),7-A,211111500,25094181,João Pessoa,Eci Papa Paulo Vi,870,
145,04ª GRE (Cuité),7-A,211403300,25127659,Cuité,Eci Pedro Henrique da Silva,151,
146,03ª GRE (Campina Grande),7-A,211311500,25078550,Puxinanã,Eci Plínio Lemos,615,
147,03ª GRE (Campina Grande),7-A,211303600,25117459,Campina Grande,Eci Prefeito Williams de Sousa Arruda,473,
148,09ª GRE (Cajazeiras),7-A,211901900,25005995,Poço de José de Moura,Eci Professora Francisca Fonseca Matias,242,
149,05ª GRE (Monteiro),7-A,211506200,25054023,Santo André,Eci Professora Neir Alves Porto,97,
150,09ª GRE (Cajazeiras),7-A,211908800,25007726,Cajazeiras,Eci Professor Crispim Coelho,271,
151,04ª GRE (Cuité),7-A,211401400,25043277,Picuí,Eci Professor Lordao,309,
152,03ª GRE (Campina Grande),7-A,211310400,25072013,Campina Grande,Eci Raul Cordula,348,
153,14ª GRE (Mamanguape),7-A,211112500,25086901,Mamanguape,Eci Rui Carneiro,554,
154,02ª GRE (Guarabira),7-A,211206700,25068075,Duas Estradas,Eci Sagrado Coracao de Jesus,162,
155,03ª GRE (Campina Grande),7-A,211303800,25072153,Campina Grande,Eci Severino Cabral,246,
156,14ª GRE (Mamanguape),7-A,211112000,25086049,Itapororoca,Eci Severino Felix de Brito,487,
157,03ª GRE (Campina Grande),7-A,211300400,25072307,Campina Grande,Eci Solon de Lucena,546,
158,02ª GRE (Guarabira),7-A,211206200,25066374,Alagoinha,Ecit Agenor Clemente dos Santos,679,
159,03ª GRE (Campina Grande),7-A,211309900,25053124,Cabaceiras,Ecit Alcides Bezerra,134,
160,02ª GRE (Guarabira),7-A,211207100,25060376,Solânea,Ecit Alfredo Pessoa de Lima,404,
161,01ª GRE (João Pessoa),7-A,211110400,25094114,João Pessoa,Ecit Alice Carneiro,611,
162,14ª GRE (Mamanguape),7-A,211113600,25086316,Jacaraú,Ecit Alzira Lisboa,258,
163,01ª GRE (João Pessoa),7-A,211127500,25127594,Bayeux,Ecit Bayeux Erenice Cavalcante Fidelis,550,
164,02ª GRE (Guarabira),7-A,211205900,25058975,Araruna,Ecit Benjamin Maranhao,305,
165,13ª GRE (Pombal),7-A,212000300,25016164,São Domingos,Ecit Cicero Severo Lopes,219,
166,03ª GRE (Campina Grande),7-A,211311700,25051580,Boqueirão,Ecit Conselheiro Jose Braz do Rego,254,
167,09ª GRE (Cajazeiras),7-A,211908200,25007785,Cajazeiras,Ecit Cristiano Cartaxo,373,
168,01ª GRE (João Pessoa),7-A,211110700,25093932,João Pessoa,Ecit Daura Santiago Rangel,456,
169,12ª GRE (Itabaiana),7-A,212203900,25081403,Itabaiana,Ecit de Itabaiana Doutor Antônio Batista Santiago,378,
170,01ª GRE (João Pessoa),7-A,211114100,25094203,João Pessoa,Ecit Dom Jose Maria Pires,484,
171,06ª GRE (Patos),7-A,211605200,25014692,Malta,Ecit Doutor Antonio Fernandes Medeiros,350,
172,09ª GRE (Cajazeiras),7-A,211909100,25012916,Uiraúna,Ecit Doutor Jose Duarte Filho,319,
173,03ª GRE (Campina Grande),7-A,211312200,25058304,Soledade,Ecit Doutor Trajano Nobrega,243,
174,01ª GRE (João Pessoa),7-A,211120400,25101099,Pitimbu,Ecit Durval Guedes,554,
175,03ª GRE (Campina Grande),7-A,211305600,25072420,Campina Grande,Ecit Elpidio de Almeida,725,
176,02ª GRE (Guarabira),7-A,211205400,25068628,Guarabira,Ecit Emiliano Cristo,496,
177,01ª GRE (João Pessoa),7-A,211113400,25099159,Santa Rita,Ecit Eneas Carvalho,1098,
178,02ª GRE (Guarabira),7-A,211206000,25067133,Belém,Ecit Eng Marcia Guedes Alcoforado de Carvalho,718,
179,12ª GRE (Itabaiana),7-A,212203800,25088785,Juripiranga,Eci Teonas da Cunha Cavalcanti,311,
180,10ª GRE (Sousa),7-A,212007400,25130242,Sousa,Ecit Estadual Chiquinho Cartaxo,376,
181,01ª GRE (João Pessoa),7-A,211110300,25093886,João Pessoa,Ecit Francisca Ascensão Cunha,278,
182,03ª GRE (Campina Grande),7-A,211311200,25077759,Lagoa Seca,Ecit Francisca Martiniano da Rocha,847,
183,03ª GRE (Campina Grande),7-A,211312400,25084526,Natuba,Ecit Francisco de Albuquerque Montenegro,292,
184,03ª GRE (Campina Grande),7-A,211318400,25053493,São Domingos do Cariri,Ecit Francisco Deodato do Nascimento,118,
185,13ª GRE (Pombal),7-A,212003700,25015320,Paulista,Ecit Francisco de Sá Cavalcante,94,
186,03ª GRE (Campina Grande),7-A,211311400,25078992,Queimadas,Ecit Francisco Ernesto do Rego,1562,
187,02ª GRE (Guarabira),7-A,211207800,25130161,Guarabira,Ecit Guarabira Dom Marcelo Pinto Carvalheira,525,
188,01ª GRE (João Pessoa),7-A,211104700,25115618,Conde,Ecit Ilza de Almeida Ribeiro,253,
189,07ª GRE (Itaporanga),7-A,211710600,25130269,Itaporanga,Ecit Itaporanga,490,
190,01ª GRE (João Pessoa),7-A,211113000,25098632,Lucena,Ecit Izaura Falcao de Carvalho,931,
191,01ª GRE (João Pessoa),7-A,211110600,25094190,João Pessoa,Ecit João Goulart,519,
192,01ª GRE (João Pessoa),7-A,211127600,25128337,João Pessoa,Ecit João Pereira Gomes Filho,1011,
193,01ª GRE (João Pessoa),7-A,211102600,25114484,João Pessoa,Ecit João Roberto Borges de Souza,324,
194,04ª GRE (Cuité),7-A,211403400,25129279,Cuité,Ecit Jornalista Jose Itamar da Rocha Cândido,651,
195,03ª GRE (Campina Grande),7-A,211313300,25057820,Remígio,Ecit Jose Bronzeado Sobrinho,208,
196,01ª GRE (João Pessoa),7-A,211105800,25094211,João Pessoa,Ecit José do Patrocínio,744,
197,05ª GRE (Monteiro),7-A,211502900,25045377,Monteiro,Ecit Jose Leite de Sousa,366,
198,04ª GRE (Cuité),7-A,211402700,25055046,Barra de Santa Rosa,Ecit Jose Luiz Neto,623,
199,02ª GRE (Guarabira),7-A,211206300,25064894,Bananeiras,Ecit José Rocha Sobrinho,285,
200,12ª GRE (Itabaiana),7-A,212200900,25080849,Ingá,Ecit Luis Gonzaga Burity,571,
201,01ª GRE (João Pessoa),7-A,211106600,25094050,João Pessoa,Ecit Luiz Gonzaga de Albuquerque Burity,205,
202,06ª GRE (Patos),7-A,211607000,25130153,Patos,Ecit Lynaldo Cavalcanti de Albuquerque,337,
203,01ª GRE (João Pessoa),7-A,211106500,25094033,João Pessoa,Ecit Manoel Lisboa de Moura,522,
204,03ª GRE (Campina Grande),7-A,211312100,25041525,Juazeirinho,Ecit Marechal Almeida Barreto,506,
205,01ª GRE (João Pessoa),7-A,211124700,25096702,João Pessoa,Ecit Maria do Carmo de Miranda,357,
206,11ª GRE (Princesa Isabel),7-A,212102100,25034200,Imaculada,Ecit Maria do Socorro Ramalho Quirino,316,
207,01ª GRE (João Pessoa),7-A,211115900,25099175,Santa Rita,Ecit Maria Honorina Santiago,765,
208,03ª GRE (Campina Grande),7-A,211312000,25064134,Areia,Ecit Ministro Jose Americo de Almeida,261,
209,03ª GRE (Campina Grande),7-A,211311900,25063340,Alagoa Nova,Ecit Monsenhor José Borges de Carvalho,756,
210,09ª GRE (Cajazeiras),7-A,211910600,25129295,Cajazeiras,Ecit Nicéa Claudino Pinheiro,537,
211,07ª GRE (Itaporanga),7-A,211703600,25024558,Coremas,Ecit Nobel Vita,519,
212,01ª GRE (João Pessoa),7-A,211102500,25093959,João Pessoa,Ecit Olivina Olivia Carneiro da Cunha,383,
213,03ª GRE (Campina Grande),7-A,211313600,25062816,Alagoa Grande,Ecit Oswaldo Trigueiro de Albuquerque Melo,65,
214,12ª GRE (Itabaiana),7-A,212203700,25082493,Mogeiro,Ecit Otavia Silveira,1230,
215,01ª GRE (João Pessoa),7-A,211105200,25094688,João Pessoa,Ecit Padre Hildon Bandeira,299,
216,01ª GRE (João Pessoa),7-A,211101200,25094637,João Pessoa,Ecit Pedro Anísio Bezerra Dantas,406,
217,05ª GRE (Monteiro),7-A,211503000,25044362,Camalaú,Ecit Pedro Bezerra Filho,417,
218,03ª GRE (Campina Grande),7-A,211314000,25063405,Matinhas,Ecit Poeta Mario Vieira da Silva,183,
219,09ª GRE (Cajazeiras),7-A,211908700,25010565,São José de Piranhas,Ecit Prefeito Joaquim Lacerda Leite,147,
220,01ª GRE (João Pessoa),7-A,211108400,25095056,João Pessoa,Ecit Prefeito Oswaldo Pessoa,1143,
221,03ª GRE (Campina Grande),7-A,211317000,25084950,Umbuzeiro,Ecit Presidente Joao Pessoa,465,
222,07ª GRE (Itaporanga),7-A,211709200,25029789,Diamante,Ecit Professora Adilina de Souza Diniz,230,
223,03ª GRE (Campina Grande),7-A,211309800,25051598,Alcantil,Ecit Professora Maria Cecilia de Castro,258,
224,01ª GRE (João Pessoa),7-A,211113500,25090887,Bayeux,Ecit Professor Antonio Gomes,1152,
225,03ª GRE (Campina Grande),7-A,211322100,25130331,Campina Grande,Ecit Professor Braulio Maia Junior,930,
226,01ª GRE (João Pessoa),7-A,211113300,25099116,Santa Rita,Ecit Professor Luis de Azevedo Soares,749,
227,01ª GRE (João Pessoa),7-A,211111000,25093916,João Pessoa,Ecit Professor Raul Cordula,484,
228,01ª GRE (João Pessoa),7-A,211110800,25093860,João Pessoa,Ecit Raul Machado,325,
229,01ª GRE (João Pessoa),7-A,211112800,25100033,Alhandra,Ecit Renato Ribeiro Coutinho,903,
230,06ª GRE (Patos),7-A,211605400,25037803,Teixeira,Ecit Sebastiao Guedes da Silva,511,
231,06ª GRE (Patos),7-A,211601200,25040014,São Mamede,Ecit Seráfico Nobrega,209,
232,05ª GRE (Monteiro),7-A,211506900,25130110,Serra Branca,Ecit Serra Branca Inácio Antonino,404,
233,01ª GRE (João Pessoa),7-A,211126500,25124277,João Pessoa,Ecit Severino Dias de Oliveira - Mestre Sivuca,590,
234,14ª GRE (Mamanguape),1-A,212400080,25127977,Mamanguape,Ecit Vale do Mamanguape João da Mata Cavalcanti de Albuquerque,788,
235,03ª GRE (Campina Grande),7-A,211310500,25072412,Campina Grande,Eci Virginius da Gama e Melo,262,
236,01ª GRE (João Pessoa),8-A,211121900,25127470,João Pessoa,EEDM Anthenor Navarro,0,
237,02ª GRE (Guarabira),8-B,211200900,25068717,Guarabira,EEEF Abdon Miranda,166,
238,01ª GRE (João Pessoa),6-A,211103600,25094955,João Pessoa,EEEF Adelaide Novais,144,
239,01ª GRE (João Pessoa),7-B,211119400,25100459,Caaporã,EEEF Alberto Lundgren,663,
240,03ª GRE (Campina Grande),5-A,211316200,25072340,Campina Grande,EEEF Alceu do Amoroso Lima,387,
241,01ª GRE (João Pessoa),5-A,211115500,25099132,Santa Rita,EEEF Aline Silva Madruga,208,
242,01ª GRE (João Pessoa),1-B,211105000,25094327,João Pessoa,EEEF Almirante Tamandare,177,
243,01ª GRE (João Pessoa),6-A,211116200,25090933,Bayeux,EEEF Alvaro de Carvalho,201,
244,03ª GRE (Campina Grande),5-A,211314700,25064142,Areia,EEEF Alvaro Machado,557,
245,13ª GRE (Pombal),7-A,212004300,25016032,Pombal,EEEF Amelia Maria da Luz,143,
246,01ª GRE (João Pessoa),6-A,211101900,25094335,João Pessoa,EEEF Ana Higina,183,
247,10ª GRE (Sousa),5-A,212005200,25018078,Sousa,EEEF Andre Gadelha,719,
248,04ª GRE (Cuité),5-A,211400400,25055852,Cuité,EEEF Andre Vidal de Negreiros,741,
249,01ª GRE (João Pessoa),6-A,211115700,25099183,Santa Rita,EEEF Andre Vidal de Negreiros,431,
250,03ª GRE (Campina Grande),5-A,211314500,25054767,Arara,EEEF Anesio Deodonio Moreno,640,
251,01ª GRE (João Pessoa),6-A,211116500,25090941,Bayeux,EEEF Anita Garibaldi,154,
252,02ª GRE (Guarabira),6-A,211201100,25068644,Guarabira,EEEF Antenor Navarro,462,
253,10ª GRE (Sousa),7-A,212007300,25126342,Vieirópolis,EEEF Antonia Maria Anunciacao Dona Doninha,138,
254,09ª GRE (Cajazeiras),6-A,211906700,25012185,Triunfo,EEEF Antonio Francisco Duarte,165,
255,01ª GRE (João Pessoa),6-A,211108600,25094351,João Pessoa,EEEF Antonio Pessoa,303,
256,14ª GRE (Mamanguape),6-A,211121100,25087657,Mamanguape,EEEF Antonio Pinto Barbalho,181,
257,03ª GRE (Campina Grande),2-A,211307500,25072196,Campina Grande,EEEF Antonio Vicente,510,
258,03ª GRE (Campina Grande),6-A,211301000,25072200,Campina Grande,EEEF Augusto dos Anjos,233,
259,01ª GRE (João Pessoa),7-B,211114500,25091565,Cabedelo,EEEF Augusto Severo,230,
260,01ª GRE (João Pessoa),8-B,211102100,25094297,João Pessoa,EEEF Azorceriz Pires Ferreira,151,
261,09ª GRE (Cajazeiras),6-A,211904400,25010670,São José de Piranhas,EEEF Bairro Santo Antonio,316,
262,07ª GRE (Itaporanga),7-A,211704600,25027980,Conceição,EEEF Bairro Sao Jose,165,
263,10ª GRE (Sousa),4-A,212004800,25018124,Sousa,EEEF Batista Leite,598,
264,02ª GRE (Guarabira),7-B,211201700,25070304,Sertãozinho,EEEF Belmira Arruda Alcoforado,220,
265,10ª GRE (Sousa),6-A,212002200,25018132,Sousa,EEEF Bento Freire,384,
266,01ª GRE (João Pessoa),6-A,211108500,25094360,João Pessoa,EEEF Borges da Fonseca,495,
267,06ª GRE (Patos),5-A,211606200,25020650,Patos,EEEF CAIC Dr Romero Abdon Q da Nobrega,155,
268,07ª GRE (Itaporanga),5-A,211704100,25027999,Conceição,EEEF Calula Leite,412,
269,01ª GRE (João Pessoa),7-B,211119200,25088602,Cruz do Espírito Santo,EEEF Campo de Sementes e Mudas,566,
270,01ª GRE (João Pessoa),6-A,211106400,25094378,João Pessoa,EEEF Castro Pinto,258,
271,09ª GRE (Cajazeiras),7-A,211900200,25007777,Cajazeiras,EEEF Cel Joaquim Matos,129,
272,02ª GRE (Guarabira),6-A,211202600,25060384,Solânea,EEEF Celso Cirne,698,
273,07ª GRE (Itaporanga),6-A,211706100,25030620,Itaporanga,EEEF Chagas Soares,55,
274,01ª GRE (João Pessoa),5-A,211109500,25093827,João Pessoa,EEEF Claudina Mangueira de Moura,360,
275,03ª GRE (Campina Grande),7-B,211308900,25053159,Cabaceiras,EEEF Clovis Pedrosa,191,
276,10ª GRE (Sousa),6-A,212005700,25018221,Sousa,EEEF Conego Joao Cartaxo Rolim,229,
277,09ª GRE (Cajazeiras),6-A,211902000,25004972,São João do Rio do Peixe,EEEF Conego Manoel Jacome,284,
278,07ª GRE (Itaporanga),7-A,211702000,25025813,Olho d'Água,EEEF Conego Manoel Otaviano,160,
279,06ª GRE (Patos),4-A,211602200,25020960,Patos,EEEF Coriolano de Medeiros,796,
280,02ª GRE (Guarabira),7-A,211203000,25069721,Mulungu,EEEF D Amaro Beltrao,300,
281,05ª GRE (Monteiro),8-A,211502500,25049640,Amparo,EEEF de Amparo,97,
282,03ª GRE (Campina Grande),4-A,211300300,25072226,Campina Grande,EEEF de Aplicacao,655,
283,09ª GRE (Cajazeiras),5-A,211902700,25004999,São João do Rio do Peixe,EEEF de Bandarra,74,
284,03ª GRE (Campina Grande),5-A,211313500,25062670,Alagoa Grande,EEEF de Demonstracao Alagoa Grande,576,
285,10ª GRE (Sousa),6-B,212002900,25018256,Sousa,EEEF de Demonstracao de Sousa,474,
286,13ª GRE (Pombal),8-B,212007200,25016075,Pombal,EEEF de Estrelo,14,
287,09ª GRE (Cajazeiras),7-A,211907000,25005030,São João do Rio do Peixe,EEEF de Gravata,111,
288,07ª GRE (Itaporanga),7-A,211702800,25030167,Ibiara,EEEF de Ibiarinha,131,
289,02ª GRE (Guarabira),8-B,211203300,25069713,Mulungu,EEEF de Lourenco,179,
290,13ª GRE (Pombal),8-B,212001800,25016083,Pombal,EEEF de Mundo Novo,7,
291,02ª GRE (Guarabira),6-A,211204500,25068660,Guarabira,EEEF Dep Gustavo Amorim,290,
292,04ª GRE (Cuité),7-B,211401000,25056611,Nova Floresta,EEEF Dep Jose Pereira,149,
293,02ª GRE (Guarabira),6-B,211202200,25068695,Guarabira,EEEF Des Pedro Bandeira,556,
294,01ª GRE (João Pessoa),7-B,211107800,25094424,João Pessoa,EEEF Dom Carlos Coelho,141,
295,01ª GRE (João Pessoa),7-A,211106900,25101516,João Pessoa,EEEF Domenica Andrea Magliano,76,
296,03ª GRE (Campina Grande),5-A,211300600,25114034,Campina Grande,EEEF Dom Helder Camara,590,
297,09ª GRE (Cajazeiras),4-A,211901200,25007742,Cajazeiras,EEEF Dom Moises Coelho,1072,
298,02ª GRE (Guarabira),6-B,211201800,25065742,Pilões,EEEF Dom Santino Coutinho,420,
299,07ª GRE (Itaporanga),7-A,211709300,25027174,Santana dos Garrotes,EEEF Doutor Felizardo Teotônio Dantas,205,
300,02ª GRE (Guarabira),6-A,211202400,25067478,Caiçara,EEEF Doutor Joao Soares,350,
301,03ª GRE (Campina Grande),6-A,211316900,25084542,Natuba,EEEF Dr Carlos Pessoa,229,
302,07ª GRE (Itaporanga),7-A,211703300,25030108,Diamante,EEEF Dr Ernesto de Sousa Diniz,129,
303,12ª GRE (Itabaiana),5-A,212202500,25081438,Itabaiana,EEE F Dr Joao Florentino Meira de Vasconcelos,219,
304,14ª GRE (Mamanguape),7-B,211117800,25087665,Mamanguape,EEEF Dr Jose A da Trindade,179,
305,12ª GRE (Itabaiana),6-A,212200300,25089293,Pilar,EEEF Dr Jose Maria,238,
306,08ª GRE (Catolé do Rocha),7-B,211801000,25000373,Bom Sucesso,EEEF Dr. Jose Paz de Lima,166,
307,07ª GRE (Itaporanga),6-A,211700100,25030647,Itaporanga,EEEF Dr Manoel Diniz,186,
308,01ª GRE (João Pessoa),5-A,211100800,25094459,João Pessoa,EEEF Dr Otavio Novais,881,
309,10ª GRE (Sousa),5-A,212006600,25018639,Sousa,EEEF Dr Thomaz Pires,622,
310,03ª GRE (Campina Grande),6-A,211304200,25062239,São Sebastião de Lagoa de Roça,EEEF Elidio Sobreira,542,
311,03ª GRE (Campina Grande),7-B,211304600,25123297,Tenório,EEEFEM Maria Elidia Rangel,189,
312,01ª GRE (João Pessoa),5-A,211103000,25094475,João Pessoa,EEEF Epitacio Pessoa,479,
313,09ª GRE (Cajazeiras),6-A,211904900,25012959,Uiraúna,EEEF Ernani Satiro,335,
314,08ª GRE (Catolé do Rocha),7-B,211800400,25002376,Catolé do Rocha,EEEF Fabio Mariz Maia,230,
315,01ª GRE (João Pessoa),8-B,211121600,25088521,Cruz do Espírito Santo,EEEF Faz Cobe,189,
316,01ª GRE (João Pessoa),-,211120200,25089811,Sapé,EEEF Fazenda Buracao,250,
317,01ª GRE (João Pessoa),7-B,211108300,25094491,João Pessoa,EEEF Fernandes Vieira,78,
318,07ª GRE (Itaporanga),6-A,211702900,25030175,Ibiara,EEEF Franca Leite,225,
319,01ª GRE (João Pessoa),6-A,211106800,25093622,João Pessoa,EEEF Francisco Campos,237,
320,02ª GRE (Guarabira),6-A,211204700,25068083,Duas Estradas,EEEF Francisco Costa,179,
321,02ª GRE (Guarabira),6-A,211200800,25066021,Serraria,EEEF Francisco Duarte,288,
322,03ª GRE (Campina Grande),6-A,211304900,25077163,Fagundes,EEEF Frei Alberto,309,
323,01ª GRE (João Pessoa),2-A,211103400,25094513,João Pessoa,EEEF Frei Martinho,585,
324,01ª GRE (João Pessoa),6-A,211116800,25090976,Bayeux,EEEF Getulio Vargas,455,
325,14ª GRE (Mamanguape),6-A,211201000,25069373,Lagoa de Dentro,EEEF Getulio Vargas,304,
326,01ª GRE (João Pessoa),5-A,211100300,25114425,João Pessoa,EEEF Gov Antonio Mariz,382,
327,01ª GRE (João Pessoa),7-B,211105600,25095005,João Pessoa,EEEF Gustavo Capanema,227,
328,01ª GRE (João Pessoa),6-A,211105900,25094530,João Pessoa,EEEF Henrique Dias,369,
329,14ª GRE (Mamanguape),4-A,211118000,25086936,Mamanguape,EEEF Ii e Eja Umbelina Garcez,746,
330,04ª GRE (Cuité),5-A,211402100,25043870,São Vicente do Seridó,EEEF Inacio Claudino,454,
331,14ª GRE (Mamanguape),6-B,211127200,25111841,Marcação,EEEF Indigena Jose Ferreira Padilha,186,
332,01ª GRE (João Pessoa),8-B,211106100,25105183,João Pessoa,EEEF Irma Severina Cavalcante Souto,258,
333,01ª GRE (João Pessoa),5-A,211103500,25094556,João Pessoa,EEEF Isabel Maria das Neves,615,
334,02ª GRE (Guarabira),8-B,211203100,25069683,Mulungu,EEEF Jardilina Cruz Pereira,455,
335,07ª GRE (Itaporanga),7-A,211703400,25029797,Diamante,EEEF Joana Abilio Pegado,124,
336,13ª GRE (Pombal),6-A,212003900,25015885,Pombal,EEEF Joao da Mata,303,
337,02ª GRE (Guarabira),7-A,211204900,25068733,Guarabira,EEEF Joao Francelino da Silva,115,
338,01ª GRE (João Pessoa),6-A,211115600,25099230,Santa Rita,EEEF João Úrsulo,427,
339,01ª GRE (João Pessoa),6-B,211114800,25091573,Cabedelo,EEEF Joao Xxiii,330,
340,09ª GRE (Cajazeiras),6-A,211905100,25006231,Bonito de Santa Fé,EEEF Joaquim Nabuco,344,
341,01ª GRE (João Pessoa),6-A,211104400,25094564,João Pessoa,EEEF Joaquim Nabuco,136,
342,08ª GRE (Catolé do Rocha),8-B,211800300,25001868,Catolé do Rocha,EEEF Joaquim Valdevino de Lima,65,
343,09ª GRE (Cajazeiras),6-A,211903700,25007807,Cajazeiras,EEEF Joaquim Victor Jurema,117,
344,02ª GRE (Guarabira),6-A,211203700,25068709,Guarabira,EEEF John Kennedy,852,
345,01ª GRE (João Pessoa),7-B,211108200,25094580,João Pessoa,EEEF Jose de Alencar,262,
346,07ª GRE (Itaporanga),5-A,211704500,25028022,Conceição,EEEF Jose Leite,373,
347,01ª GRE (João Pessoa),5-A,211115300,25099167,Santa Rita,EEEF Jose Mariano,649,
348,03ª GRE (Campina Grande),6-B,211302400,25079115,Queimadas,EEEF Jose Tavares,643,
349,01ª GRE (João Pessoa),6-B,211105300,25094599,João Pessoa,EEEF Jose Vieira,485,
350,01ª GRE (João Pessoa),5-B,211118200,25088971,Mari,EEEF Luiz Maria de Franca,1016,
351,01ª GRE (João Pessoa),5-A,211115800,25099248,Santa Rita,EEEF Machado de Assis,688,
352,12ª GRE (Itabaiana),6-A,212204100,25081349,Riachão do Bacamarte,EEEFM Adauto Cabral de Vasconcelos,428,
353,03ª GRE (Campina Grande),4-A,211309600,25072005,Campina Grande,EEEFM Ademar Veloso Silveira,1028,
354,06ª GRE (Patos),7-A,211600700,25019813,Cacimba de Areia,EEEFM Aldo Satiro Xavier,104,
355,03ª GRE (Campina Grande),5-A,211307400,25052497,Barra de Santana,EEEFM Alm Antonio Heraclito do Rego,416,
356,11ª GRE (Princesa Isabel),4-A,212102200,25034820,Juru,EEEFM America Florentino,230,
357,08ª GRE (Catolé do Rocha),7-A,211801900,25000055,Belém do Brejo do Cruz,EEEFM Americo Maia,283,
358,03ª GRE (Campina Grande),7-B,211307300,25051660,Riacho de Santo Antônio,EEEFM Ana Ferreira da Costa,167,
359,03ª GRE (Campina Grande),6-B,211321200,25123319,Alagoa Grande,EEEF Manoel Barbosa de Lucena,335,
360,10ª GRE (Sousa),7-A,212005500,25014960,Nazarezinho,EEEF Manoel Mendes,256,
361,06ª GRE (Patos),6-A,211600500,25020900,Patos,EEEFM Antonia Araujo,442,
362,01ª GRE (João Pessoa),5-A,211118400,25102519,Alhandra,EEEFM Antonio Camelo,547,
363,08ª GRE (Catolé do Rocha),7-A,211802000,25000659,Brejo do Cruz,EEEFM Antonio Gomes,128,
364,10ª GRE (Sousa),6-A,212006200,25017438,São José da Lagoa Tapada,EEEFM Antonio Gregorio de Lacerda,375,
365,03ª GRE (Campina Grande),7-A,211321800,25151401,Campina Grande,EEEFM Antonio Guedes de Andrade,190,
366,06ª GRE (Patos),6-A,211603300,25037781,Maturéia,EEEFM ANTONIO MOACIR DANTAS CAVALCANTI,310,
367,10ª GRE (Sousa),5-A,212005800,25019228,Sousa,EEEFM Antonio Teodoro Neto,751,
368,11ª GRE (Princesa Isabel),7-B,212100100,25037129,Princesa Isabel,EEEF Marcal Lima Neto,43,
369,01ª GRE (João Pessoa),7-B,211103300,25094220,João Pessoa,EEEF Marcilio Dias,90,
370,12ª GRE (Itabaiana),7-A,212200500,25089269,Pilar,EEEF Maria Alves de Brito,90,
371,03ª GRE (Campina Grande),6-B,211307800,25072064,Campina Grande,EEEF Maria Augusta Lucena Brito,252,
372,12ª GRE (Itabaiana),7-A,212201300,25082973,Salgado de São Félix,EEEF Maria de Melo,104,
373,07ª GRE (Itaporanga),7-A,211700900,25026488,Piancó,EEEF Maria Eliza Montenegro de Souza,141,
374,03ª GRE (Campina Grande),5-A,211300100,25072374,Campina Grande,EEEF Maria Emilia Oliveira de Almeida,368,
375,09ª GRE (Cajazeiras),7-B,211910700,25129325,Cajazeiras,EEEFM Ariano Vilar Suassuna,260,
376,06ª GRE (Patos),6-A,211601100,25039075,Santa Luzia,EEEFM Arlindo Bento de Morais,281,
377,02ª GRE (Guarabira),6-B,211205000,25060406,Solânea,EEEFM Arlindo Ramalho,725,
378,12ª GRE (Itabaiana),7-B,212202300,25082949,Salgado de São Félix,EEEFM Arnaldo Maroja,262,
379,13ª GRE (Pombal),3-A,212006500,25015893,Pombal,EEEFM Arruda Camara,1083,
380,01ª GRE (João Pessoa),3-A,211109000,25097091,João Pessoa,EEEFM Audiocomunicacao,409,
381,01ª GRE (João Pessoa),4-A,211119300,25100041,Alhandra,EEEFM Barao do Abiai,1449,
382,05ª GRE (Monteiro),6-B,211506000,25047450,São José dos Cordeiros,EEEFM Bartolomeu Maracaja,387,
383,01ª GRE (João Pessoa),7-B,211126300,25123696,João Pessoa,EEEFM Benedita Targino Maranhao,86,
384,09ª GRE (Cajazeiras),6-A,211909200,25009559,Monte Horebe,EEEFM Bonifacio Saraiva de Moura,249,
385,01ª GRE (João Pessoa),4-A,211115200,25099299,Santa Rita,EEEFM Carlos Chagas,754,
386,14ª GRE (Mamanguape),6-A,211121500,25086332,Jacaraú,EEEFM Castro Pinto,517,
387,05ª GRE (Monteiro),6-B,211505800,25054490,Caraúbas,EEEFM Cel Serveliano de Farias Castro,283,
388,10ª GRE (Sousa),4-A,212003200,25018140,Sousa,EEEFM Celso Mariz,422,
389,03ª GRE (Campina Grande),4-A,211301100,25072218,Campina Grande,EEEFM Clementino Procopio,504,
390,06ª GRE (Patos),7-A,211602300,25020374,Areia de Baraúnas,EEEFM Clovis Satiro,80,
391,03ª GRE (Campina Grande),5-A,211302100,25078577,Puxinanã,EEEFM Conego Antonio Galdino,828,
392,07ª GRE (Itaporanga),6-A,211707400,25029576,Curral Velho,EEEFMCORONEL ZUZA LACERDA,128,
393,12ª GRE (Itabaiana),7-A,212203300,25080270,Caldas Brandão,EEEFM de Caldas Brandao,98,
394,12ª GRE (Itabaiana),6-A,212202200,25082957,Salgado de São Félix,EEEFM de Dois Riachos,197,
395,01ª GRE (João Pessoa),7-A,211125900,25092898,João Pessoa,EEEFM de Eja Prof Geraldo Lafayette Bezerra,585,
396,01ª GRE (João Pessoa),7-B,211115000,25099957,Santa Rita,EEEFM de Forte Velho,275,
397,12ª GRE (Itabaiana),5-A,212203100,25088793,Juripiranga,EEEFM Demetrio Toledo,862,
398,03ª GRE (Campina Grande),6-A,211307600,25072234,Campina Grande,EEEFM de Monte Santo,400,
399,11ª GRE (Princesa Isabel),6-A,212101500,25037137,São José de Princesa,EEEFM Dep Nominando Muniz Diniz,241,
400,03ª GRE (Campina Grande),6-A,211304100,25118358,Juazeirinho,EEEFM Deputado Pedro Pascoal de Oliveira,406,
401,01ª GRE (João Pessoa),6-A,211104100,25094408,João Pessoa,EEEFM Des Boto de Menezes,405,
402,01ª GRE (João Pessoa),6-A,211102400,25094416,João Pessoa,EEEFM Des Braz Baracuhy,286,
403,03ª GRE (Campina Grande),5-A,211312900,25063359,Matinhas,EEEFM Desembargador Arthur Virginio de Moura,365,
404,09ª GRE (Cajazeiras),6-A,211903800,25007750,Cajazeiras,EEEFM Desembargador Boto de Menezes,311,
405,03ª GRE (Campina Grande),5-B,211312700,25080016,Serra Redonda,EEEFM Dom Adauto,1013,
406,12ª GRE (Itabaiana),6-A,212204000,25082272,Juarez Távora,EEEFM DOM ADAUTO,747,
407,01ª GRE (João Pessoa),5-A,211109900,25094432,João Pessoa,EEEFM Domingos Jose da Paixao,519,
408,03ª GRE (Campina Grande),5-A,211310700,25072145,Campina Grande,EEEFM Dom Luiz Gonzaga Fernandes,434,
409,10ª GRE (Sousa),6-B,212004600,25019597,São Francisco,EEEFM Dorgival Silveira,142,
410,03ª GRE (Campina Grande),4-A,211315700,25057839,Remígio,EEEFM Dr Cunha Lima,1064,
411,01ª GRE (João Pessoa),6-A,211113100,25101072,Pitimbu,EEEFM Dr Joao Goncalves,432,
412,01ª GRE (João Pessoa),4-A,211107600,25094440,João Pessoa,EEEFM Dr Joao Navarro Filho,1059,
413,10ª GRE (Sousa),-,212003000,25018094,Aparecida,EEEFM Dr Jose Gadelha,414,
414,06ª GRE (Patos),6-A,211604200,25037846,Teixeira,EEEFM Dr Manoel Dantas,517,
415,03ª GRE (Campina Grande),1-A,211317900,25050486,Taperoá,EEEFM e Eja Felix Daltro,678,
416,03ª GRE (Campina Grande),6-A,211315600,25058371,Soledade,EEEFM e Eja Padre Jose Antonio Maria Ibiapina,410,
417,01ª GRE (João Pessoa),6-A,211101700,25094173,João Pessoa,EEEFM e Eja Padre Miguelinho,346,
418,07ª GRE (Itaporanga),6-A,211704400,25028103,Santa Inês,EEEFM Eneas Leite,197,
419,01ª GRE (João Pessoa),3-A,211112300,25090879,Bayeux,EEEFM Eng Jose Davila Lins,1317,
420,01ª GRE (João Pessoa),2-A,211110900,25094157,João Pessoa,EEEFM Escritor Jose Lins do Rego,611,
421,10ª GRE (Sousa),6-A,212002800,25018183,Sousa,EEEFM Estevam Marinho,217,
422,03ª GRE (Campina Grande),7-B,211321500,25152823,Algodão de Jandaíra,EEEFM Euclides Mouzinho Santos,151,
423,03ª GRE (Campina Grande),2-A,211318200,25078143,Massaranduba,EEEFM Everaldo Agra,353,
424,02ª GRE (Guarabira),6-A,211200500,25067141,Belém,EEEFM Felinto Elizio,583,
425,04ª GRE (Cuité),6-A,211400800,25115723,Picuí,EEEFM Felipe Tiago Gomes,409,
426,03ª GRE (Campina Grande),6-A,211305700,25052802,Caturité,EEEFM Felix Araujo,499,
427,01ª GRE (João Pessoa),5-A,211119100,25088572,Cruz do Espírito Santo,EEEFM Flavio Ribeiro Coutinho,644,
428,03ª GRE (Campina Grande),5-A,211311000,25061402,Areial,EEEFM Francisco A Silva,413,
429,10ª GRE (Sousa),6-A,212006300,25014951,Nazarezinho,EEEFM Francisco Augusto Campos,201,
430,10ª GRE (Sousa),7-A,212006100,25018191,Sousa,EEEFM Francisco Cicero Sobrinho,79,
431,01ª GRE (João Pessoa),5-A,211112200,25099124,Santa Rita,EEEFM Francisco Leocadio Ribeiro Coutinho,999,
432,06ª GRE (Patos),6-B,211601600,25020102,Mãe d'Água,EEEFM Francisco Romano da Silveira,103,
433,14ª GRE (Mamanguape),6-A,211120700,25087908,Rio Tinto,EEEFM Frederico Lundgren,529,
434,13ª GRE (Pombal),6-B,211803100,25003054,Lagoa,EEEFM Frei Bruno,173,
435,01ª GRE (João Pessoa),5-A,211118800,25089820,Sapé,EEEFM Gentil Lins,1241,
436,01ª GRE (João Pessoa),6-A,211102800,25095021,João Pessoa,EEEFM Goncalves Dias,241,
437,01ª GRE (João Pessoa),6-A,211127900,25129309,João Pessoa,EEEFM Graciliano Ramos,614,
438,06ª GRE (Patos),6-A,211600800,25022059,Quixabá,EEEFM Herculano Pereira,69,
439,05ª GRE (Monteiro),4-A,211500900,25045555,Monteiro,EEEF Miguel Santa Cruz,721,
440,06ª GRE (Patos),6-A,211602700,25024175,Catingueira,EEEFM Inacio da Catingueira,214,
441,07ª GRE (Itaporanga),5-A,211703900,25024523,Coremas,EEEF Ministro Carlos Luiz de Araujo,390,
442,03ª GRE (Campina Grande),4-A,211306700,25061739,Esperança,EEEFM Irineu Joffily,1375,
443,03ª GRE (Campina Grande),5-A,211321700,25152815,Campina Grande,EEEFM Isabel Rodrigues de Melo,396,
444,14ª GRE (Mamanguape),6-A,211117300,25113810,Itapororoca,EEEFM Isaura Fernandes de Souza,728,
445,14ª GRE (Mamanguape),6-B,211206400,25069357,Lagoa de Dentro,EEEFM Ivan Bichara Sobreira,397,
446,10ª GRE (Sousa),7-B,212005400,25018060,Sousa,EEEFM Izidra Pacifico de Araujo,260,
447,10ª GRE (Sousa),7-B,212005600,25018264,Sousa,EEEFM Jaime Meira Fontes,267,
448,05ª GRE (Monteiro),7-B,211505900,25047469,Parari,EEEFM Jairo Aires Caluete,316,
449,13ª GRE (Pombal),6-A,212000100,25118560,Pombal,EEEFM Joana Ivonildes Bandeira,347,
450,03ª GRE (Campina Grande),7-B,211308500,25084445,Gado Bravo,EEEFM Joao da Silva Monteiro,410,
451,02ª GRE (Guarabira),5-A,211205300,25068342,Sertãozinho,EEEFM Joao de Freitas Mouzinho,394,
452,05ª GRE (Monteiro),5-A,211500100,25115359,Monteiro,EEEFM Joao de Oliveira Chaves,387,
453,12ª GRE (Itabaiana),5-A,212202100,25081454,Itabaiana,EEEFM Joao Fagundes de Oliveira,942,
454,07ª GRE (Itaporanga),5-A,211702300,25025635,Nova Olinda,EEEFM Joao Leite Neto,406,
455,12ª GRE (Itabaiana),4-A,212204300,25080407,Gurinhém,EEEFM Joao Ribeiro,909,
456,08ª GRE (Catolé do Rocha),4-A,211802400,25003844,São Bento,EEEFM Joao Silveira Guimaraes,788,
457,12ª GRE (Itabaiana),6-A,212200400,25089242,São José dos Ramos,EEEFM Jocelyn Velloso Borges,316,
458,06ª GRE (Patos),6-B,211605600,25022652,São José de Espinharas,EEEFM Jose Americo de Almeida,314,
459,03ª GRE (Campina Grande),5-A,211301900,25072242,Campina Grande,EEEFM Jose Pinheiro,1108,
460,03ª GRE (Campina Grande),4-A,211310000,25081888,Itatuba,EEEFM Jose R de Ataide,741,
461,08ª GRE (Catolé do Rocha),6-A,211800900,25002457,Mato Grosso,EEEFM Jose Serafim de Lima,107,
462,09ª GRE (Cajazeiras),4-A,211904700,25012924,Uiraúna,EEEFM Jovelina Gomes,415,
463,06ª GRE (Patos),8-A,211600200,25020889,Patos,EEEFM Lucia Wanderley de Freitas,57,
464,01ª GRE (João Pessoa),5-A,211109100,25116762,Santa Rita,EEEFM Luiz Ribeiro Limeira,564,
465,03ª GRE (Campina Grande),5-A,211306400,25083597,Aroeiras,EEEFM Major Jose Barbosa,681,
466,03ª GRE (Campina Grande),4-A,211304300,25120670,Campina Grande,EEEFM Major Veneziano Vital do Rego,1673,
467,05ª GRE (Monteiro),7-A,211503100,25048350,São Sebastião do Umbuzeiro,EEEFM Malaquias Batista Feitosa,168,
468,05ª GRE (Monteiro),6-A,211503200,25044788,Congo,EEEFM Manoel Alves Campos,445,
469,13ª GRE (Pombal),6-A,211606000,25014226,Vista Serrana,EEEFM Manoel Medeiros de Araujo,154,
470,14ª GRE (Mamanguape),7-B,211121300,25086324,Pedro Régis,EEEFM Margarida Dias,332,
471,05ª GRE (Monteiro),7-B,211503300,25048775,Serra Branca,EEEFM Maria Balbina Pereira,140,
472,07ª GRE (Itaporanga),8-A,211702400,25025627,Nova Olinda,EEEFM Maria Dionisia de Sousa,115,
473,02ª GRE (Guarabira),6-A,211206100,25070576,Serra da Raiz,EEEFM Maria Jose Miranda Burity,212,
474,12ª GRE (Itabaiana),5-A,212200200,25089552,São Miguel de Taipu,EEEFM Maria Lins,537,
475,13ª GRE (Pombal),7-A,212001100,25016059,Cajazeirinhas,EEEFM MARIA SOLEDADE ASSIS FREITAS,133,
476,05ª GRE (Monteiro),6-B,211503400,25047116,São João do Tigre,EEEFM Mario Oliveira Chaves,183,
477,14ª GRE (Mamanguape),5-A,211120000,25085875,Baía da Traição,EEEFM Matias Freire,400,
478,11ª GRE (Princesa Isabel),5-A,212102600,25036343,Princesa Isabel,EEEFM Ministro Alcides Vieira Carneiro,161,
479,09ª GRE (Cajazeiras),3-A,211908600,25007904,Cajazeiras,EEEFM Mons Constantino Vieira,1008,
480,03ª GRE (Campina Grande),4-A,211310100,25071394,Campina Grande,EEEFM Monsenhor Sales,174,
481,13ª GRE (Pombal),5-A,211802800,25003038,Lagoa,EEEFM Mons Valeriano Pereira,222,
482,03ª GRE (Campina Grande),5-A,211300500,25072285,Campina Grande,EEEFM Murilo Braga,862,
483,06ª GRE (Patos),7-A,211604800,25039997,São Mamede,EEEFM Napoleao Abdon da Nobrega,281,
484,09ª GRE (Cajazeiras),7-B,211901800,25012193,Bernardino Batista,EEEFM Nelson Batista Alves,157,
485,03ª GRE (Campina Grande),4-A,211301700,25072080,Campina Grande,EEEFM Nina Alves de Lima,486,
486,03ª GRE (Campina Grande),5-A,211318100,25072293,Campina Grande,EEEFM Nossa Senhora Aparecida,365,
487,05ª GRE (Monteiro),6-B,211502800,25046764,Ouro Velho,EEEFM Nossa Sra das Gracas,129,
488,02ª GRE (Guarabira),6-B,211207500,25122908,Cacimba de Dentro,EEEFMN Pedro Targino da Costa Moreira,558,
489,06ª GRE (Patos),6-A,211600900,25039504,São José do Sabugi,EEEFM Olavo Bilac,138,
490,08ª GRE (Catolé do Rocha),8-A,211802100,25001302,São José do Brejo do Cruz,EEEFM Olivia Saraiva Maia,103,
491,09ª GRE (Cajazeiras),7-B,211906800,25012967,Uiraúna,EEEF Mons Constantino Vieira,80,
492,09ª GRE (Cajazeiras),7-A,211900900,25007840,Cajazeiras,EEEF Monsenhor Joao Milanes,263,
493,06ª GRE (Patos),7-A,211602000,25039040,Santa Luzia,EEEF Monsenhor Pedro Anisio,305,
494,03ª GRE (Campina Grande),5-A,211314600,25064169,Areia,EEEF Mons Joao Coutinho,450,
495,01ª GRE (João Pessoa),6-A,211104600,25094971,João Pessoa,EEEF Mons Odilon Coutinho,309,
496,02ª GRE (Guarabira),5-A,211200200,25070290,Pirpirituba,EEEF Mons Walfredo Leal,738,
497,07ª GRE (Itaporanga),6-A,211709400,25032518,São José de Caiana,EEEFM OTAVIANO L DA SILVA,570,
498,03ª GRE (Campina Grande),3-A,211311800,25062638,Alagoa Grande,EEEFM Padre Hildon Bandeira,1328,
499,01ª GRE (João Pessoa),6-A,211107500,25095080,João Pessoa,EEEFM Padre Roma,328,
500,03ª GRE (Campina Grande),7-B,211322000,25129317,Campina Grande,EEEFM Paulo Freire,120,
501,01ª GRE (João Pessoa),6-A,211114600,25091603,Cabedelo,EEEFM Pedro Americo,592,
502,14ª GRE (Mamanguape),6-B,211119600,25087738,Mataraca,EEEFM Pedro Poti,553,
503,02ª GRE (Guarabira),7-B,211200400,25058991,Riachão,EEEFM Pedro Ribeiro de Lima,178,
504,06ª GRE (Patos),6-B,211603900,25033794,Cacimbas,EEEFM Pedro Terto da Cunha,302,
505,03ª GRE (Campina Grande),5-A,211307900,25072056,Campina Grande,EEEFM Poeta Carlos Drumond de Andrade,1090,
506,03ª GRE (Campina Grande),5-A,211303300,25117866,Campina Grande,EEEFM Poetisa Vicentina Figueiredo Vital do Rego,883,
507,11ª GRE (Princesa Isabel),7-B,212101600,25037234,Tavares,EEEFM Povoado Silvestre,97,
508,01ª GRE (João Pessoa),5-A,211108900,25094777,João Pessoa,EEEFM Profª Debora Duarte,676,
509,10ª GRE (Sousa),6-A,212002700,25018272,Sousa,EEEFM Profª Dione Diniz Oliveira Dias,395,
510,06ª GRE (Patos),7-A,211602500,25025368,Emas,EEEFM Profª Margarida Remigio Loureiro,212,
511,03ª GRE (Campina Grande),4-A,211300800,25076400,Campina Grande,EEEFM Prof Antonio Oliveira,440,
512,01ª GRE (João Pessoa),5-B,211104300,25094742,João Pessoa,EEEFM Professora Maria Jacy Costa,294,
513,06ª GRE (Patos),6-B,211601000,25022296,Santa Teresinha,EEEFM Professor Joao Noberto,234,
514,06ª GRE (Patos),4-A,211605800,25103563,Patos,EEEFM Professor Jose Gomes Alves,450,
515,01ª GRE (João Pessoa),5-A,211122100,25091611,Cabedelo,EEEFM Professor Pedro Anibal Moura,525,
516,12ª GRE (Itabaiana),5-A,212200600,25117521,Pedras de Fogo,EEEFM Prof Getulio Cesar Rodrigues Guedes,763,
517,01ª GRE (João Pessoa),4-A,211113800,25092111,Conde,EEEFM Prof Joao da Cunha Vinagre,1313,
518,09ª GRE (Cajazeiras),7-B,211901400,25006029,Bom Jesus,EEEFM Prof Joaquim Umbelino,106,
519,01ª GRE (João Pessoa),5-A,211104200,25114506,João Pessoa,EEEFM Prof Jose Baptista de Mello,717,
520,09ª GRE (Cajazeiras),6-A,211903200,25009923,Santa Helena,EEEFM Prof Jose Bento,459,
521,07ª GRE (Itaporanga),6-A,211705700,25032968,Serra Grande,EEEFM Prof Josefa Justino Gomes,155,
522,09ª GRE (Cajazeiras),5-A,211907900,25007718,Cajazeiras,EEEFM Prof Manoel Mangueira Lima,1256,
523,01ª GRE (João Pessoa),7-A,211106300,25093967,João Pessoa,EEEFM Prof Maria Bronzeado Machado,239,
524,05ª GRE (Monteiro),8-A,211503600,25048368,Zabelê,EEEFM Prof Maria Celeste do Nascimento,104,
525,03ª GRE (Campina Grande),7-B,211303900,25120859,Olivedos,EEEFM Prof Maria Jose Costa de Albuquerque,219,
526,02ª GRE (Guarabira),5-A,211203500,25066668,Araçagi,EEEFM Rodrigues de Carvalho,723,
527,03ª GRE (Campina Grande),6-B,211305900,25072404,Campina Grande,EEEFM Rubens Dutra Ii,238,
528,11ª GRE (Princesa Isabel),6-A,212100300,25034219,Imaculada,EEEFM Santa Catarina,236,
529,01ª GRE (João Pessoa),7-A,211107100,25094793,João Pessoa,EEEFM Santos Dumont,316,
530,09ª GRE (Cajazeiras),6-A,211909400,25012932,Joca Claudino,EEEFM Sao Jose Operario,118,
531,03ª GRE (Campina Grande),4-A,211309500,25072129,Campina Grande,EEEFM Sao Sebastiao,747,
532,03ª GRE (Campina Grande),5-A,211301400,25114433,Campina Grande,EEEFM Senador Humberto Lucena,857,
533,05ª GRE (Monteiro),4-A,211502700,25048880,Serra Branca,EEEFM Senador Jose Gaudêncio,395,
534,03ª GRE (Campina Grande),3-A,211310200,25072021,Campina Grande,EEEFM Sen Argemiro de Figueiredo,1249,
535,12ª GRE (Itabaiana),7-A,212200100,25089560,São Miguel de Taipu,EEEFM Severina de Holanda Cavalcanti,363,
536,01ª GRE (João Pessoa),6-A,211118100,25122401,Sobrado,EEEFM Severina Ramos de Oliveira,392,
537,03ª GRE (Campina Grande),5-A,211303700,25117700,Boqueirão,EEEFM Severino Barbosa Camelo,1079,
538,02ª GRE (Guarabira),6-A,211203900,25070088,Pilõezinhos,EEEFM Silvio Porto,291,
539,02ª GRE (Guarabira),6-A,211202300,25059017,Araruna,EEEFM Targino Pereira,519,
540,03ª GRE (Campina Grande),6-A,211321900,25126415,Queimadas,EEEFM Tereza Alves de Moura,762,
541,03ª GRE (Campina Grande),7-A,211321600,25251945,Campina Grande,EEEFM Zuleide Cavalcante Porto,171,
542,11ª GRE (Princesa Isabel),5-A,212101000,25036300,Princesa Isabel,EEEFN Gama e Melo,360,
543,07ª GRE (Itaporanga),6-A,211704200,25028065,Conceição,EEEF Nossa Senhora de Fatima,295,
544,03ª GRE (Campina Grande),5-A,211301300,25072161,Campina Grande,EEEF Nossa Senhora do Rosario,651,
545,01ª GRE (João Pessoa),6-A,211126900,25153218,Santa Rita,EEEF Odilon Ribeiro Coutinho,89,
546,13ª GRE (Pombal),7-A,212004000,25016024,Pombal,EEEF Oito de Julho,131,
547,01ª GRE (João Pessoa),7-B,211103100,25094670,João Pessoa,EEEF Padre Azevedo,176,
548,01ª GRE (João Pessoa),6-A,211109200,25094254,João Pessoa,EEEF Padre Cicero Romao Batista,417,
549,02ª GRE (Guarabira),7-B,211201200,25070584,Serra da Raiz,EEEF Padre Emidio Fernandes,141,
550,01ª GRE (João Pessoa),8-A,211109600,25094319,João Pessoa,EEEF Padre Joao Felix,98,
551,01ª GRE (João Pessoa),7-A,211114400,25091646,Cabedelo,EEEF Pe Antonio Vieira,76,
552,02ª GRE (Guarabira),6-A,211201600,25061003,Tacima,EEEF Pedro Targino,308,
553,02ª GRE (Guarabira),5-A,211202800,25060392,Solânea,EEEF Pe Geraldo da S Pinto,331,
554,02ª GRE (Guarabira),6-A,211202700,25059610,Cacimba de Dentro,EEEF Perilo de Oliveira,344,
555,01ª GRE (João Pessoa),7-B,211109800,25094700,João Pessoa,EEEF Placido de Castro,103,
556,01ª GRE (João Pessoa),5-A,211121800,25099205,Santa Rita,EEEF Prefeito Antonio Teixeira,599,
557,02ª GRE (Guarabira),6-A,211204600,25067737,Logradouro,EEEF Pref Jose Antonio Neves,327,
558,14ª GRE (Mamanguape),-,212400090,25088025,Rio Tinto,EEEF Profª Angelita Bezerra de Assis,159,
559,01ª GRE (João Pessoa),4-A,211100200,25094041,João Pessoa,EEEF Profa Argentina Pereira Gomes,906,
560,01ª GRE (João Pessoa),6-A,211101800,25094718,João Pessoa,EEEF Prof Adelia de Franca,867,
561,09ª GRE (Cajazeiras),6-A,211902100,25102621,São João do Rio do Peixe,EEEF Profª Frassinete Bernardo,297,
562,01ª GRE (João Pessoa),5-A,211102900,25094734,João Pessoa,EEEF Profª Maria de Fatima Souto,489,
563,01ª GRE (João Pessoa),4-A,211102700,25094629,João Pessoa,EEEF Profª Maria Geny de Sousa Timoteo,654,
564,06ª GRE (Patos),6-A,211600600,25020978,Patos,EEEF Profa Maria Nunes,244,
565,14ª GRE (Mamanguape),6-A,211117900,25086910,Mamanguape,EEEF Prof Antonio Garcez,192,
566,12ª GRE (Itabaiana),7-A,212202000,25081411,Itabaiana,EEEF Profª Odete Mendes N Oliveira,179,
567,01ª GRE (João Pessoa),7-B,211109700,25095153,João Pessoa,EEEF Profª Rita de Miranda Henriques,748,
568,03ª GRE (Campina Grande),6-A,211313700,25063421,Alagoa Nova,EEEF Prof Cardoso,1200,
569,01ª GRE (João Pessoa),6-A,211110200,25092316,João Pessoa,EEEF Prof Concita Barros,255,
570,11ª GRE (Princesa Isabel),6-A,212100900,25035444,Manaíra,EEEF Professora Antonia Diniz Maia,432,
571,01ª GRE (João Pessoa),8-B,211104800,25095013,João Pessoa,EEEF Professora Ântonia Rangel de Farias,942,
572,01ª GRE (João Pessoa),6-A,211104500,25092332,João Pessoa,EEEF Professora Dagmar Mendonca Limeira,210,
573,13ª GRE (Pombal),6-A,212003600,25115219,Paulista,EEEF Professora Margarida Medeiros,352,
574,02ª GRE (Guarabira),1-A,211202900,25068652,Guarabira,EEEF Professor Antonio Benvindo,372,
575,03ª GRE (Campina Grande),8-A,211316100,25051652,Boqueirão,EEEF Professora Terezinha Leal,51,
576,02ª GRE (Guarabira),7-B,211200100,25068725,Guarabira,EEEF Professor Edgardo Julio,399,
577,01ª GRE (João Pessoa),5-A,211101400,25094262,João Pessoa,EEEF Professor Joao Jose da Costa,380,
578,14ª GRE (Mamanguape),6-A,211117500,25086928,Mamanguape,EEEF Professor Luiz Aprigio,615,
579,12ª GRE (Itabaiana),5-A,212201600,25080881,Ingá,EEEF Professor Rangel,346,
580,04ª GRE (Cuité),6-A,211400200,25055062,Barra de Santa Rosa,EEEF Prof Jose Coelho,0,
581,01ª GRE (João Pessoa),6-A,211108700,25094270,João Pessoa,EEEF Prof Mateus Ribeiro,168,
582,10ª GRE (Sousa),7-B,212003500,25017071,Santa Cruz,EEEF Prof Nestor Antunes,249,
583,12ª GRE (Itabaiana),6-A,212201800,25081462,Itabaiana,EEEF Profº Mendonca,257,
584,01ª GRE (João Pessoa),4-A,211102000,25094653,João Pessoa,EEEF Prof Orlando Cavalcanti Gomes,1578,
585,01ª GRE (João Pessoa),5-A,211105500,25093746,João Pessoa,EEEF Prof Tercia Bonavides Lins,375,
586,07ª GRE (Itaporanga),6-A,211701800,25031511,Pedra Branca,EEEF RAIMUNDO EPAMINONDAS DE SOUSA,197,
587,03ª GRE (Campina Grande),5-A,211303100,25117858,Campina Grande,EEEF Reitor Edvaldo do O,464,
588,10ª GRE (Sousa),8-B,212007500,25130846,Sousa,EEEF Rene Alves Ramalho,77,
589,06ª GRE (Patos),4-A,211600400,25020986,Patos,EEEF Rio Branco,840,
590,09ª GRE (Cajazeiras),6-B,211904500,25010727,São José de Piranhas,EEEF Santa Maria Gorete,277,
591,03ª GRE (Campina Grande),5-B,211301200,25072315,Campina Grande,EEEF Santo Antonio,990,
592,01ª GRE (João Pessoa),6-A,211114300,25091654,Cabedelo,EEEF Sao Judas Tadeu,222,
593,01ª GRE (João Pessoa),7-A,211101500,25110926,João Pessoa,EEEF Sao Rafael,56,
594,01ª GRE (João Pessoa),6-A,211117100,25090992,Bayeux,EEEF Senador Teotonio Vilela,358,
595,08ª GRE (Catolé do Rocha),7-B,211800100,25001914,Catolé do Rocha,EEEF Sergina Laura Dantas,134,
596,03ª GRE (Campina Grande),5-A,211304400,25078569,Puxinanã,EEEF Severiano Pedro do Nascimento,529,
597,05ª GRE (Monteiro),6-A,211503700,25054155,São João do Cariri,EEEF Severino Medeiros Ramos,122,
598,06ª GRE (Patos),6-A,211604100,25033816,Desterro,EEEF Silveira Dantas,335,
599,07ª GRE (Itaporanga),6-A,211702700,25030698,Itaporanga,EEEF Simeao Leal,535,
600,01ª GRE (João Pessoa),4-B,211120300,25089773,Sapé,EEEF Stella da Cunha Santos,1002,
601,01ª GRE (João Pessoa),5-A,211116000,25091000,Bayeux,EEEF Tancredo Neves,389,
602,03ª GRE (Campina Grande),7-B,211306600,25051296,Barra de São Miguel,EEE Fundamental e Medio Melquiades Tejo,455,
603,01ª GRE (João Pessoa),6-A,211120100,25099264,Santa Rita,EEEF Varzea Nova,381,
604,05ª GRE (Monteiro),7-B,211500300,25048848,Serra Branca,EEEF Vasconcelos Brandao,283,
605,01ª GRE (João Pessoa),7-A,211116700,25091018,Bayeux,EEEF Veraldo Leite,298,
606,07ª GRE (Itaporanga),6-A,211705600,25026402,Piancó,EEEIEF Ademar Leite,103,
607,01ª GRE (João Pessoa),6-A,211119700,25088963,Mari,EEEIEF Augusto dos Anjos,801,
608,14ª GRE (Mamanguape),-,212400070,25087983,Marcação,EEEIEF Isaura Soares de Lima,86,
609,03ª GRE (Campina Grande),4-A,211313200,25064126,Areia,EEEIEFM Carlota Barreira,985,
610,05ª GRE (Monteiro),7-B,211500400,25046969,Prata,EEEIEF Plinio Lemos,13,
611,12ª GRE (Itabaiana),5-A,212201500,25080873,Ingá,EEEIF Abel da Silva,74,
612,09ª GRE (Cajazeiras),8-B,211905700,25009214,Carrapateira,EEEIF DE AVE MARIA,28,
613,11ª GRE (Princesa Isabel),6-A,212100400,25034227,Imaculada,EEEIF Delmiro Dantas,296,
614,08ª GRE (Catolé do Rocha),5-A,211803800,25003852,São Bento,EEEIF Fausto Meira,328,
615,11ª GRE (Princesa Isabel),5-A,212101100,25036297,Princesa Isabel,EEEIF Professora Iracema Marques de Lima,730,
616,07ª GRE (Itaporanga),5-A,211708800,25030566,Itaporanga,EEEM Adalgisa Teodulo da Fonseca,487,
617,05ª GRE (Monteiro),8-B,211504400,25045466,Monteiro,"EEEM Bento Tenório de Sousa ""Escola do Campo""",90,
618,06ª GRE (Patos),8-B,211601500,25020366,Passagem,EEEM Conego Machado,67,
619,01ª GRE (João Pessoa),4-A,211110500,25093878,João Pessoa,EEEM Con Luiz Gonzaga de Oliveira,910,
